wage,educ,exper,tenure,nonwhite,female,married,numdep,smsa,northcen,south,west,construc,ndurman,trcommpu,trade,services,profserv,profocc,clerocc,servocc,lwage,expersq,tenursq
3.0999999046325684,11,2,0,White,Female,Notmarried,2,1,0,0,1,0,0,0,0,0,0,0,0,0,1.1314020156860352,4,0
3.240000009536743,12,22,2,White,Female,Married,3,1,0,0,1,0,0,0,0,1,0,0,0,1,1.1755729913711548,484,4
3,11,2,0,White,Male,Notmarried,2,0,0,0,1,0,0,0,1,0,0,0,0,0,1.0986119508743286,4,0
6,8,44,28,White,Male,Married,0,1,0,0,1,0,0,0,0,0,0,0,1,0,1.7917590141296387,1936,784
5.300000190734863,12,7,2,White,Male,Married,1,0,0,0,1,0,0,0,0,0,0,0,0,0,1.6677069664001465,49,4
8.75,16,9,8,White,Male,Married,0,1,0,0,1,0,0,0,0,0,1,1,0,0,2.1690540313720703,81,64
11.25,18,15,7,White,Male,Notmarried,0,1,0,0,1,0,0,0,1,0,0,1,0,0,2.420367956161499,225,49
5,12,5,3,White,Female,Notmarried,0,1,0,0,1,0,0,0,0,0,0,1,0,0,1.6094379425048828,25,9
3.5999999046325684,12,26,4,White,Female,Notmarried,2,1,0,0,1,0,0,0,1,0,0,1,0,0,1.2809339761734009,676,16
18.18000030517578,17,22,21,White,Male,Married,0,1,0,0,1,0,0,0,0,0,0,1,0,0,2.9003219604492187,484,441
6.25,16,8,2,White,Female,Notmarried,0,1,0,0,1,0,0,0,1,0,0,1,0,0,1.8325819969177246,64,4
8.130000114440918,13,3,0,White,Female,Notmarried,0,1,0,0,1,0,0,0,0,0,1,0,1,0,2.0955610275268555,9,0
8.770000457763672,12,15,0,White,Male,Married,2,1,0,0,1,0,0,0,0,0,0,0,0,0,2.1713368892669678,225,0
5.5,12,18,3,White,Male,Notmarried,0,1,0,0,1,0,0,0,0,0,0,0,0,0,1.7047480344772339,324,9
22.200000762939453,12,31,15,White,Male,Married,1,1,0,0,1,0,0,0,0,0,0,1,0,0,3.1000919342041016,961,225
17.329999923706055,16,14,0,White,Male,Married,1,1,0,0,1,0,0,0,0,0,1,1,0,0,2.8524389266967773,196,0
7.5,12,10,0,White,Female,Married,0,1,0,0,1,0,0,0,0,0,0,0,1,0,2.0149030685424805,100,0
10.630000114440918,13,16,10,White,Female,Notmarried,0,1,0,0,1,0,0,0,0,0,1,1,0,0,2.363679885864258,256,100
3.5999999046325684,12,13,0,White,Female,Married,3,1,0,0,1,0,0,0,0,0,0,0,0,0,1.2809339761734009,169,0
4.5,12,36,6,White,Female,Married,0,1,0,0,1,0,0,0,0,0,1,0,0,1,1.5040769577026367,1296,36
6.880000114440918,12,11,4,White,Female,Notmarried,0,1,0,0,1,0,0,0,0,0,1,1,0,0,1.9286190271377563,121,16
8.479999542236328,12,29,13,White,Male,Married,3,1,0,0,1,0,0,0,0,0,0,0,0,0,2.1377100944519043,841,169
6.329999923706055,16,9,9,White,Female,Notmarried,0,1,0,0,1,0,0,0,0,0,0,1,0,0,1.8452999591827393,81,81
0.5299999713897705,12,3,1,White,Female,Notmarried,0,1,0,0,1,0,0,0,0,1,0,0,0,1,-0.6348782777786255,9,1
6,11,37,8,Nonwhite,Female,Notmarried,0,1,0,0,1,0,0,0,0,1,0,0,0,0,1.7917590141296387,1369,64
9.5600004196167,16,3,3,Nonwhite,Male,Married,1,1,0,0,1,0,1,0,0,0,0,1,0,0,2.2575879096984863,9,9
7.78000020980835,16,11,10,White,Male,Married,1,1,0,0,1,0,0,1,0,0,0,0,0,0,2.05155611038208,121,100
12.5,16,31,0,White,Male,Married,0,1,0,0,1,0,0,0,0,0,0,1,0,0,2.525728940963745,961,0
12.5,15,30,0,White,Male,Married,2,1,0,0,1,0,0,0,0,0,0,1,0,0,2.525728940963745,900,0
3.25,8,9,1,White,Female,Married,2,1,0,0,1,0,0,0,0,0,0,0,0,0,1.1786550283432007,81,1
13,14,23,5,White,Male,Married,2,1,0,0,1,0,0,0,0,0,1,1,0,0,2.5649490356445313,529,25
4.5,14,2,5,White,Female,Notmarried,2,1,0,0,1,0,0,0,1,0,0,0,0,0,1.5040769577026367,4,25
9.680000305175781,13,16,16,White,Female,Notmarried,0,1,0,0,1,0,0,0,0,0,0,1,0,0,2.27006196975708,256,256
5,12,7,3,White,Female,Notmarried,0,1,0,0,1,0,0,0,0,0,0,0,1,0,1.6094379425048828,49,9
4.679999828338623,12,3,0,White,Female,Notmarried,0,1,0,0,1,0,0,0,0,1,0,0,1,0,1.5432980060577393,9,0
4.269999980926514,16,22,4,Nonwhite,Female,Married,1,1,0,0,1,0,0,0,1,0,0,1,0,0,1.4516140222549438,484,16
6.150000095367432,12,15,6,Nonwhite,Female,Married,1,1,0,0,1,0,0,0,0,1,0,0,0,1,1.8164520263671875,225,36
3.509999990463257,4,39,15,White,Male,Married,5,1,0,0,1,0,0,0,1,0,0,0,0,0,1.2556159496307373,1521,225
3,14,3,3,White,Female,Married,0,1,0,0,1,0,0,0,0,0,1,0,1,0,1.0986119508743286,9,9
6.25,12,11,0,White,Female,Notmarried,0,1,0,0,1,0,0,0,0,0,1,0,1,0,1.8325819969177246,121,0
7.809999942779541,12,3,0,White,Female,Married,0,1,0,0,1,0,0,0,0,1,0,0,0,1,2.0554049015045166,9,0
10,12,20,5,Nonwhite,Female,Married,4,1,0,0,1,0,0,0,0,0,1,0,1,0,2.3025848865509033,400,25
4.5,14,16,0,White,Female,Married,1,1,0,0,1,0,0,0,0,0,1,0,1,0,1.5040769577026367,256,0
4,11,45,12,White,Female,Married,0,1,0,0,1,0,0,0,0,0,1,0,0,1,1.3862940073013306,2025,144
6.380000114440918,13,11,4,White,Female,Notmarried,0,1,0,0,1,0,0,0,0,0,0,0,0,0,1.85316801071167,121,16
13.699999809265137,15,20,13,White,Male,Married,2,1,0,0,1,0,0,0,0,0,1,1,0,0,2.617396116256714,400,169
1.6699999570846558,10,1,0,White,Male,Notmarried,1,1,0,0,1,0,0,0,0,1,0,0,0,0,0.5128235816955566,1,0
2.930000066757202,12,36,2,White,Female,Married,1,1,0,0,1,0,0,0,1,0,0,1,0,0,1.0750019550323486,1296,4
3.6500000953674316,14,9,2,White,Male,Notmarried,0,1,0,0,1,0,0,0,1,0,0,1,0,0,1.2947269678115845,81,4
2.9000000953674316,12,15,1,White,Female,Married,2,1,0,0,1,0,0,0,0,1,0,0,0,1,1.0647109746932983,225,1
1.6299999952316284,12,18,0,White,Female,Notmarried,2,0,0,0,0,0,0,0,0,1,0,0,0,1,0.48857998847961426,324,0
8.600000381469727,16,3,2,White,Female,Notmarried,0,1,0,0,0,0,0,0,0,0,1,1,0,0,2.151762008666992,9,4
5,12,15,5,White,Male,Married,1,1,0,0,0,0,0,0,1,0,0,0,1,0,1.6094379425048828,225,25
6,12,7,7,White,Male,Married,0,1,0,0,0,0,0,0,0,0,0,0,0,0,1.7917590141296387,49,49
2.5,12,2,0,White,Male,Notmarried,2,0,0,0,0,0,0,0,0,0,0,0,0,0,0.916290819644928,4,0
3.25,15,3,0,White,Male,Notmarried,1,0,0,0,0,0,0,0,1,0,0,0,0,1,1.1786550283432007,9,0
3.4000000953674316,16,1,1,White,Female,Notmarried,1,0,0,0,0,0,0,0,1,0,0,0,0,1,1.2237759828567505,1,1
10,8,13,0,Nonwhite,Male,Notmarried,0,1,0,0,0,0,0,0,1,0,0,0,0,0,2.3025848865509033,169,0
21.6299991607666,18,8,8,White,Female,Notmarried,0,1,0,0,0,0,0,0,0,0,1,1,0,0,3.0740809440612793,64,64
4.380000114440918,16,7,0,White,Male,Notmarried,0,1,0,0,0,0,0,0,1,0,0,0,0,1,1.4770489931106567,49,0
11.710000038146973,13,40,20,White,Female,Notmarried,0,1,0,0,0,0,1,0,0,0,0,1,0,0,2.4604430198669434,1600,400
12.390000343322754,14,42,5,White,Male,Notmarried,0,1,0,0,0,0,0,0,0,0,1,1,0,0,2.516890048980713,1764,25
6.25,10,36,8,White,Male,Notmarried,0,1,0,0,0,0,0,0,1,0,0,0,0,1,1.8325819969177246,1296,64
3.7100000381469727,10,13,0,Nonwhite,Female,Notmarried,4,1,0,0,0,0,0,0,0,0,1,0,1,0,1.3110320568084717,169,0
7.78000020980835,14,9,3,White,Male,Notmarried,0,1,0,0,0,0,0,0,0,0,1,1,0,0,2.05155611038208,81,9
19.979999542236328,14,26,23,White,Male,Married,2,1,0,0,0,0,0,0,0,0,0,1,0,0,2.994731903076172,676,529
6.25,16,7,4,Nonwhite,Female,Married,3,1,0,0,0,0,0,0,0,0,1,1,0,0,1.8325819969177246,49,16
10,12,25,3,White,Male,Married,3,1,0,0,0,0,0,0,0,0,1,1,0,0,2.3025848865509033,625,9
5.710000038146973,16,10,5,White,Male,Married,1,1,0,0,0,0,0,0,0,0,1,1,0,0,1.7422189712524414,100,25
2,12,3,2,White,Female,Notmarried,4,1,0,0,0,0,0,0,0,1,0,0,0,0,0.6931471824645996,9,4
5.710000038146973,16,3,0,White,Female,Notmarried,0,1,0,0,0,0,0,0,1,0,0,0,1,0,1.7422189712524414,9,0
13.079999923706055,17,17,2,Nonwhite,Male,Married,3,1,0,0,0,0,0,0,0,0,1,1,0,0,2.5710840225219727,289,4
4.909999847412109,12,17,8,White,Male,Married,2,1,0,0,0,0,0,0,0,0,0,0,0,0,1.5912740230560303,289,64
2.9100000858306885,12,20,34,White,Female,Married,2,1,0,0,0,0,0,0,0,1,0,0,1,0,1.0681530237197876,400,1156
3.75,12,7,0,White,Female,Married,0,1,0,0,0,1,0,0,0,0,0,0,1,0,1.3217560052871704,49,0
11.899999618530273,13,24,19,White,Male,Married,2,1,0,0,0,0,0,0,0,0,1,1,0,0,2.4765379428863525,576,361
4,12,28,0,White,Female,Married,1,1,0,0,0,0,0,0,0,0,1,0,1,0,1.3862940073013306,784,0
3.0999999046325684,12,2,1,White,Female,Notmarried,1,1,0,0,0,0,0,0,1,0,0,0,1,0,1.1314020156860352,4,1
8.449999809265137,12,19,13,White,Male,Married,4,1,0,0,0,0,0,0,0,0,0,0,0,0,2.1341660022735596,361,169
7.139999866485596,18,13,0,White,Male,Married,2,1,0,0,0,0,0,0,0,0,1,1,0,0,1.9657130241394043,169,0
4.5,9,22,5,White,Male,Married,4,1,0,0,0,0,0,0,0,0,0,0,0,0,1.5040769577026367,484,25
4.650000095367432,16,3,1,White,Male,Notmarried,0,1,0,0,0,0,1,0,0,0,0,0,0,0,1.5368670225143433,9,1
2.9000000953674316,10,4,0,White,Female,Notmarried,1,1,0,0,0,0,0,0,0,0,1,0,0,1,1.0647109746932983,16,0
6.670000076293945,12,7,5,White,Male,Notmarried,0,1,0,0,0,0,0,0,0,0,0,1,0,0,1.8976199626922607,49,25
3.5,12,6,2,Nonwhite,Female,Notmarried,1,1,0,0,0,0,0,0,0,0,1,0,0,1,1.252763032913208,36,4
3.259999990463257,12,13,3,White,Female,Married,1,1,0,0,0,0,0,0,1,0,0,1,0,0,1.1817270517349243,169,9
3.25,12,14,0,White,Female,Married,1,1,0,0,0,0,0,0,0,0,1,0,1,0,1.1786550283432007,196,0
8,12,14,4,White,Female,Notmarried,1,1,0,0,0,0,0,0,0,0,1,1,0,0,2.079442024230957,196,16
9.850000381469727,8,40,24,Nonwhite,Male,Married,2,1,0,0,0,0,0,0,0,0,0,0,0,0,2.2874720096588135,1600,576
7.5,12,11,7,White,Male,Married,1,1,0,0,0,0,0,0,0,0,0,0,0,0,2.0149030685424805,121,49
5.909999847412109,12,14,6,White,Male,Married,2,0,0,0,0,0,0,1,0,0,0,0,0,0,1.7766460180282593,196,36
11.760000228881836,14,40,39,White,Male,Married,0,1,0,0,0,0,0,1,0,0,0,1,0,0,2.4647040367126465,1600,1521
3,12,1,0,White,Female,Notmarried,2,1,0,0,0,0,0,0,1,0,0,1,0,0,1.0986119508743286,1,0
4.809999942779541,12,2,0,White,Female,Notmarried,0,1,0,0,0,0,0,0,0,0,1,0,0,1,1.5706969499588013,4,0
6.5,12,4,1,White,Female,Notmarried,0,1,0,0,0,0,0,0,0,0,1,1,0,0,1.8718019723892212,16,1
4,9,19,1,White,Female,Married,1,1,0,0,0,0,0,0,0,1,0,0,0,1,1.3862940073013306,361,1
3.5,13,1,0,White,Male,Notmarried,1,1,0,0,0,0,1,0,0,0,0,1,0,0,1.252763032913208,1,0
13.15999984741211,12,34,22,White,Male,Married,0,1,0,0,0,0,0,0,1,0,0,1,0,0,2.5771820545196533,1156,484
4.25,14,5,2,White,Male,Married,2,1,0,0,0,0,0,0,1,0,0,0,0,0,1.4469189643859863,25,4
3.5,12,3,0,White,Male,Notmarried,0,1,0,0,0,0,0,0,1,0,0,0,0,1,1.252763032913208,9,0
5.130000114440918,15,6,6,White,Female,Notmarried,0,1,0,0,0,0,1,0,0,0,0,1,0,0,1.6351059675216675,36,36
3.75,12,14,0,White,Female,Married,3,1,0,0,0,0,0,0,0,1,0,0,0,1,1.3217560052871704,196,0
4.5,12,35,12,White,Female,Married,0,1,0,0,0,0,0,0,0,0,1,0,1,0,1.5040769577026367,1225,144
7.630000114440918,12,8,4,White,Female,Notmarried,0,1,0,0,0,0,0,1,0,0,0,0,1,0,2.032088041305542,64,16
15,14,7,7,Nonwhite,Male,Married,1,1,0,0,0,0,0,0,0,0,0,0,0,0,2.708050012588501,49,49
6.849999904632568,15,11,3,White,Female,Married,2,1,0,0,0,0,0,0,0,0,1,1,0,0,1.9242490530014038,121,9
13.329999923706055,12,14,11,White,Male,Married,2,1,0,0,0,0,0,0,1,0,0,1,0,0,2.590017080307007,196,121
6.670000076293945,12,35,10,White,Male,Notmarried,0,1,0,0,0,0,0,0,0,0,0,0,0,0,1.8976199626922607,1225,100
2.5299999713897705,12,46,0,White,Female,Notmarried,0,1,0,0,0,0,0,0,1,0,0,1,0,0,0.9282193183898926,2116,0
9.800000190734863,17,7,0,White,Male,Married,0,1,0,0,0,0,0,0,0,1,0,1,0,0,2.282382011413574,49,0
3.369999885559082,11,45,12,White,Male,Married,0,1,0,0,0,0,0,0,1,0,0,1,0,0,1.214913010597229,2025,144
24.979999542236328,18,29,25,White,Male,Married,0,1,0,0,0,0,0,0,0,0,0,1,0,0,3.21807599067688,841,625
5.400000095367432,12,6,3,White,Male,Married,0,1,0,0,0,0,0,0,0,1,0,0,0,0,1.686398983001709,36,9
6.110000133514404,14,15,0,White,Male,Married,2,1,0,0,0,0,0,0,1,0,0,1,0,0,1.809926986694336,225,0
4.199999809265137,14,33,16,White,Female,Married,0,1,0,0,0,0,0,0,0,0,1,1,0,0,1.4350839853286743,1089,256
3.75,10,15,0,White,Male,Notmarried,0,1,0,0,0,0,0,0,1,0,0,0,0,0,1.3217560052871704,225,0
3.5,14,5,0,White,Female,Married,0,0,0,1,0,0,0,0,0,0,1,0,1,0,1.252763032913208,25,0
3.640000104904175,12,7,2,White,Male,Notmarried,0,1,0,1,0,0,0,0,0,0,1,0,0,1,1.291983962059021,49,4
3.799999952316284,15,6,1,White,Male,Married,1,1,0,1,0,0,0,0,1,0,0,0,0,0,1.335000991821289,36,1
3,8,33,12,White,Female,Married,3,0,0,1,0,0,1,0,0,0,0,0,0,0,1.0986119508743286,1089,144
5,16,2,1,White,Female,Married,0,0,0,1,0,0,0,0,1,0,0,1,0,0,1.6094379425048828,4,1
4.630000114440918,14,4,0,White,Female,Married,2,1,0,1,0,0,0,0,0,0,1,0,0,1,1.5325570106506348,16,0
3,15,1,0,White,Male,Notmarried,0,1,0,1,0,0,0,0,1,0,0,1,0,0,1.0986119508743286,1,0
3.200000047683716,12,29,0,White,Female,Notmarried,1,1,0,1,0,0,0,0,0,0,0,0,1,0,1.1631510257720947,841,0
3.9100000858306885,18,17,3,White,Male,Married,2,0,0,1,0,0,0,0,0,0,1,1,0,0,1.3635369539260864,289,9
6.429999828338623,16,17,3,White,Female,Married,2,0,0,1,0,0,0,0,0,0,1,1,0,0,1.8609750270843506,289,9
5.480000019073486,10,36,3,White,Female,Married,0,1,0,1,0,0,0,0,0,0,0,0,0,0,1.701104998588562,1296,9
1.5,8,31,30,White,Male,Notmarried,0,0,0,1,0,0,0,0,1,0,0,0,0,0,0.40546509623527527,961,900
2.9000000953674316,10,23,2,White,Female,Notmarried,2,0,0,1,0,0,0,0,0,0,1,0,0,1,1.0647109746932983,529,4
5,11,13,1,White,Male,Married,0,0,0,1,0,0,0,0,1,0,0,0,0,0,1.6094379425048828,169,1
8.920000076293945,18,3,3,White,Male,Married,0,1,0,1,0,0,0,0,1,0,0,1,0,0,2.18829607963562,9,9
5,15,15,0,White,Male,Notmarried,0,1,0,1,0,0,0,0,1,0,0,1,0,0,1.6094379425048828,225,0
3.5199999809265137,12,48,1,White,Male,Married,0,0,0,1,0,0,0,0,0,0,1,0,0,0,1.2584609985351563,2304,1
2.9000000953674316,11,6,0,White,Female,Notmarried,1,0,0,1,0,0,1,0,0,0,0,0,0,0,1.0647109746932983,36,0
4.5,12,12,0,White,Male,Married,3,1,0,1,0,0,0,0,1,0,0,0,0,0,1.5040769577026367,144,0
2.25,12,5,0,White,Female,Notmarried,2,1,0,1,0,0,0,0,1,0,0,0,0,1,0.8109301924705505,25,0
5,14,19,5,White,Male,Married,4,1,0,1,0,0,0,0,1,0,0,0,0,0,1.6094379425048828,361,25
10,16,9,3,Nonwhite,Male,Married,2,1,0,1,0,0,0,0,0,0,0,1,0,0,2.3025848865509033,81,9
3.75,2,39,13,White,Male,Married,0,1,0,1,0,0,0,0,0,0,1,0,0,1,1.3217560052871704,1521,169
10,14,28,11,White,Female,Married,0,1,0,1,0,0,1,0,0,0,0,1,0,0,2.3025848865509033,784,121
10.949999809265137,16,23,20,White,Male,Married,4,1,0,1,0,0,1,0,0,0,0,1,0,0,2.393338918685913,529,400
7.900000095367432,12,2,0,White,Male,Notmarried,0,1,0,1,0,1,0,0,0,0,0,0,0,0,2.0668630599975586,4,0
4.71999979019165,12,15,1,White,Female,Notmarried,0,1,0,1,0,0,0,0,0,0,0,0,0,0,1.5518089532852173,225,1
5.840000152587891,13,5,0,White,Female,Married,1,1,0,1,0,0,0,0,0,0,1,0,1,0,1.7647310495376587,25,0
3.8299999237060547,12,18,2,White,Female,Notmarried,3,1,0,1,0,0,0,0,0,0,0,0,1,0,1.342864990234375,324,4
3.200000047683716,15,2,2,White,Female,Notmarried,2,1,0,1,0,0,0,1,0,0,0,0,0,0,1.1631510257720947,4,4
2,10,3,0,Nonwhite,Female,Notmarried,5,1,0,1,0,0,0,0,1,0,0,0,0,1,0.6931471824645996,9,0
4.5,12,31,4,White,Female,Married,3,1,0,1,0,0,0,0,0,0,1,0,1,0,1.5040769577026367,961,16
11.550000190734863,16,20,5,White,Female,Married,3,1,0,1,0,1,0,0,0,0,0,0,1,0,2.446686029434204,400,25
2.140000104904175,13,34,15,Nonwhite,Female,Married,0,1,0,1,0,0,0,0,0,1,0,0,0,0,0.7608059048652649,1156,225
2.380000114440918,9,5,0,Nonwhite,Male,Notmarried,5,1,0,1,0,0,0,0,0,0,0,0,0,1,0.8671004772186279,25,0
3.75,12,11,0,White,Male,Notmarried,1,1,0,1,0,0,0,0,0,0,0,0,0,0,1.3217560052871704,121,0
5.519999980926514,13,31,3,White,Male,Notmarried,0,1,0,1,0,0,0,0,1,0,0,0,0,0,1.7083779573440552,961,9
6.5,12,8,5,White,Female,Married,0,1,0,1,0,0,0,1,0,0,0,0,1,0,1.8718019723892212,64,25
3.0999999046325684,12,2,2,White,Female,Notmarried,1,1,0,1,0,0,1,0,0,0,0,0,0,0,1.1314020156860352,4,4
10,14,18,5,White,Male,Married,2,1,0,1,0,0,0,0,0,0,0,1,0,0,2.3025848865509033,324,25
6.630000114440918,16,3,0,White,Male,Married,0,1,0,1,0,0,0,0,0,0,1,1,0,0,1.891605019569397,9,0
10,16,3,2,White,Male,Married,0,1,0,1,0,0,0,1,0,0,0,1,0,0,2.3025848865509033,9,4
2.309999942779541,9,4,1,White,Female,Notmarried,5,0,1,0,0,0,0,0,1,0,0,0,0,1,0.8372474908828735,16,1
6.880000114440918,18,4,4,White,Male,Notmarried,0,1,1,0,0,0,0,0,0,0,1,1,0,0,1.9286190271377563,16,16
2.8299999237060547,10,1,0,White,Male,Notmarried,4,1,1,0,0,0,0,0,1,0,0,0,0,0,1.0402770042419434,1,0
3.130000114440918,10,1,0,White,Female,Notmarried,1,1,1,0,0,0,0,0,1,0,0,1,0,0,1.1410330533981323,1,0
8,13,28,5,White,Male,Married,1,1,1,0,0,0,0,0,0,1,0,1,0,0,2.079442024230957,784,25
4.5,12,47,4,White,Female,Married,0,1,1,0,0,0,0,0,1,0,0,0,1,0,1.5040769577026367,2209,16
8.649999618530273,18,13,1,White,Female,Notmarried,0,1,1,0,0,0,1,0,0,0,0,1,0,0,2.1575589179992676,169,1
2,13,2,6,White,Female,Notmarried,0,1,1,0,0,0,0,0,0,1,0,0,0,1,0.6931471824645996,4,36
4.75,12,48,2,White,Female,Married,0,1,1,0,0,0,0,0,0,0,1,0,0,1,1.5581450462341309,2304,4
6.25,13,6,5,White,Female,Married,1,1,1,0,0,0,0,0,0,0,1,1,0,0,1.8325819969177246,36,25
6,13,8,0,White,Male,Married,2,1,1,0,0,0,0,0,0,0,1,0,0,1,1.7917590141296387,64,0
15.380000114440918,13,25,21,White,Male,Married,2,1,1,0,0,0,0,0,0,0,1,1,0,0,2.7330679893493652,625,441
14.579999923706055,18,13,7,White,Female,Notmarried,0,1,1,0,0,0,0,0,0,0,1,1,0,0,2.6796510219573975,169,49
12.5,12,8,1,White,Male,Notmarried,0,1,1,0,0,0,0,0,0,0,0,0,0,0,2.525728940963745,64,1
5.25,12,19,10,White,Female,Married,2,1,1,0,0,0,0,1,0,0,0,0,1,0,1.6582280397415161,361,100
2.1700000762939453,13,1,4,White,Female,Notmarried,1,1,1,0,0,0,1,0,0,0,0,0,0,1,0.7747272253036499,1,16
7.139999866485596,12,43,5,White,Female,Notmarried,0,1,1,0,0,0,0,0,0,0,0,0,0,0,1.9657130241394043,1849,25
6.21999979019165,12,19,9,White,Female,Married,1,1,1,0,0,0,0,0,0,0,1,0,1,0,1.8277699947357178,361,81
9,12,11,5,White,Female,Married,0,1,1,0,0,0,0,0,0,0,1,1,0,0,2.1972250938415527,121,25
10,14,43,4,White,Male,Married,0,1,1,0,0,0,0,0,0,0,1,1,0,0,2.3025848865509033,1849,16
5.769999980926514,10,44,3,White,Male,Married,0,1,1,0,0,0,0,0,0,0,1,1,0,0,1.7526719570159912,1936,9
4,12,22,11,White,Female,Married,2,1,1,0,0,0,1,0,0,0,0,0,0,0,1.3862940073013306,484,121
8.75,16,3,2,White,Male,Married,1,1,1,0,0,0,1,0,0,0,0,1,0,0,2.1690540313720703,9,4
6.53000020980835,16,3,2,White,Female,Notmarried,0,1,1,0,0,0,0,0,0,0,1,1,0,0,1.8764070272445679,9,4
7.599999904632568,12,41,11,White,Female,Notmarried,0,1,1,0,0,0,0,0,0,0,1,1,0,0,2.0281479358673096,1681,121
5,14,5,0,White,Male,Notmarried,0,1,1,0,0,0,0,0,1,0,0,0,0,0,1.6094379425048828,25,0
5,12,14,11,White,Female,Notmarried,0,1,1,0,0,0,0,0,0,0,1,0,0,1,1.6094379425048828,196,121
21.860000610351563,12,24,16,White,Male,Married,3,1,1,0,0,0,0,0,1,0,0,1,0,0,3.0846590995788574,576,256
8.640000343322754,12,28,8,White,Male,Married,0,1,1,0,0,0,1,0,0,0,0,1,0,0,2.156403064727783,784,64
3.299999952316284,12,25,8,White,Male,Married,1,1,1,0,0,0,0,0,1,0,0,0,0,0,1.1939220428466797,625,64
4.440000057220459,12,3,0,White,Male,Notmarried,0,1,1,0,0,0,0,0,1,0,0,1,0,0,1.4906539916992187,9,0
4.550000190734863,12,11,0,White,Male,Married,0,0,1,0,0,0,0,0,0,0,0,0,0,0,1.5151269435882568,121,0
3.5,12,7,6,Nonwhite,Female,Married,0,0,1,0,0,0,0,0,0,0,0,0,0,0,1.252763032913208,49,36
6.25,16,9,2,White,Male,Married,1,0,1,0,0,0,0,0,0,0,1,1,0,0,1.8325819969177246,81,4
3.8499999046325684,16,5,0,White,Male,Married,0,1,1,0,0,0,0,0,1,0,0,0,0,0,1.3480730056762695,25,0
6.179999828338623,14,9,3,White,Female,Married,0,1,1,0,0,0,0,0,0,0,1,1,0,0,1.8213180303573608,81,9
2.9100000858306885,11,1,0,White,Female,Notmarried,3,1,1,0,0,0,0,0,0,1,0,1,0,0,1.0681530237197876,1,0
6.25,16,2,1,Nonwhite,Female,Notmarried,0,1,1,0,0,0,0,0,1,0,0,1,0,0,1.8325819969177246,4,1
6.25,12,13,0,White,Female,Married,0,1,1,0,0,0,0,0,0,0,1,0,1,0,1.8325819969177246,169,0
9.050000190734863,12,10,2,White,Male,Married,3,1,1,0,0,1,0,0,0,0,0,1,0,0,2.2027649879455566,100,4
10,17,5,3,White,Male,Married,0,1,1,0,0,0,0,0,0,0,0,1,0,0,2.3025848865509033,25,9
11.109999656677246,12,30,8,White,Male,Married,0,1,1,0,0,0,0,0,1,0,0,1,0,0,2.4078450202941895,900,64
6.880000114440918,12,31,19,White,Male,Married,3,1,1,0,0,0,0,0,0,0,1,0,0,1,1.9286190271377563,961,361
8.75,16,1,2,Nonwhite,Male,Notmarried,0,1,1,0,0,0,0,0,0,0,0,1,0,0,2.1690540313720703,1,4
10,8,9,0,White,Male,Married,0,1,1,0,0,1,0,0,0,0,0,0,0,0,2.3025848865509033,81,0
3.049999952316284,12,10,0,White,Female,Married,2,1,1,0,0,0,0,0,1,0,0,0,0,0,1.1151419878005981,100,0
3,12,38,0,White,Female,Married,0,0,1,0,0,0,0,0,0,1,0,0,1,0,1.0986119508743286,1444,0
5.800000190734863,12,19,6,White,Female,Married,2,0,1,0,0,0,1,0,0,0,0,0,0,0,1.7578580379486084,361,36
4.099999904632568,16,5,0,White,Female,Married,0,1,1,0,0,0,0,0,0,0,1,1,0,0,1.4109870195388794,25,0
8,12,26,2,White,Male,Married,1,1,1,0,0,0,0,0,0,0,0,0,0,0,2.079442024230957,676,4
6.150000095367432,12,35,12,White,Female,Notmarried,0,1,1,0,0,0,0,0,1,0,0,0,0,0,1.8164520263671875,1225,144
2.700000047683716,9,2,0,White,Female,Notmarried,1,1,1,0,0,0,0,0,1,0,0,0,1,0,0.9932518005371094,4,0
2.75,13,1,2,White,Female,Notmarried,1,1,1,0,0,0,0,0,0,0,1,0,0,1,1.0116009712219238,1,4
3,16,19,10,White,Female,Married,0,1,1,0,0,0,0,0,1,0,0,0,1,0,1.0986119508743286,361,100
3,14,3,2,White,Female,Notmarried,0,1,1,0,0,0,0,0,0,0,1,0,0,1,1.0986119508743286,9,4
7.360000133514404,8,36,24,White,Male,Married,3,1,1,0,0,0,0,0,0,0,0,0,0,0,1.9960600137710571,1296,576
7.5,14,29,24,White,Male,Married,1,1,1,0,0,0,0,0,0,0,0,1,0,0,2.0149030685424805,841,576
3.5,13,1,2,White,Male,Notmarried,3,1,1,0,0,0,0,0,1,0,0,0,0,0,1.252763032913208,1,4
8.100000381469727,12,38,3,White,Female,Married,1,1,1,0,0,0,0,0,0,0,1,1,0,0,2.0918641090393066,1444,9
3.75,18,1,2,White,Male,Notmarried,1,1,1,0,0,0,0,0,0,0,1,1,0,0,1.3217560052871704,1,4
3.25,9,29,0,Nonwhite,Male,Married,1,1,1,0,0,0,0,0,0,0,0,0,0,0,1.1786550283432007,841,0
5.829999923706055,8,36,15,White,Female,Married,0,0,0,0,0,0,0,0,0,0,1,0,1,0,1.7630170583724976,1296,225
3.5,8,4,0,White,Male,Notmarried,3,1,0,0,0,0,0,0,1,0,0,0,0,1,1.252763032913208,16,0
3.3299999237060547,12,45,4,White,Female,Married,0,0,0,0,0,0,0,0,1,0,0,0,0,0,1.2029720544815063,2025,16
4,14,22,3,White,Female,Notmarried,0,1,0,0,0,1,0,0,0,0,0,0,1,0,1.3862940073013306,484,9
3.5,12,20,4,White,Female,Married,2,0,0,0,0,0,0,0,0,0,1,0,1,0,1.252763032913208,400,16
6.25,16,5,0,White,Male,Married,0,1,0,0,0,0,1,0,0,0,0,1,0,0,1.8325819969177246,25,0
2.950000047683716,8,15,2,Nonwhite,Female,Married,1,1,0,0,0,0,1,0,0,0,0,0,0,0,1.0818049907684326,225,4
5.710000038146973,13,10,2,White,Female,Married,0,1,0,0,0,0,0,0,1,0,0,1,0,0,1.7422189712524414,100,4
3,9,3,0,White,Female,Notmarried,0,1,0,0,0,0,0,0,0,1,0,0,0,0,1.0986119508743286,9,0
22.860000610351563,16,16,7,White,Male,Married,2,1,0,0,0,0,0,0,0,0,0,1,0,0,3.1293890476226807,256,49
9,12,38,1,White,Male,Married,0,1,0,0,0,0,0,0,0,0,1,1,0,0,2.1972250938415527,1444,1
8.329999923706055,15,33,26,White,Male,Married,1,1,0,0,0,0,0,0,0,0,1,1,0,0,2.119863986968994,1089,676
3,11,2,0,White,Male,Notmarried,0,1,0,0,0,0,0,0,1,0,0,0,0,0,1.0986119508743286,4,0
5.75,14,6,5,White,Male,Married,0,1,0,0,0,0,0,0,1,0,0,1,0,0,1.7491999864578247,36,25
6.760000228881836,12,19,3,Nonwhite,Male,Married,2,1,0,0,0,0,1,0,0,0,0,0,0,0,1.9110230207443237,361,9
10,12,29,0,White,Male,Married,2,1,0,0,0,0,0,0,0,0,1,0,1,0,2.3025848865509033,841,0
3,12,2,0,White,Male,Notmarried,0,1,0,0,0,1,0,0,0,0,0,0,0,0,1.0986119508743286,4,0
3.5,18,3,1,White,Female,Notmarried,0,1,0,0,0,0,0,1,0,0,0,1,0,0,1.252763032913208,9,1
3.25,12,4,0,White,Male,Notmarried,0,1,0,0,0,0,0,0,0,1,0,0,0,0,1.1786550283432007,16,0
4,12,10,1,Nonwhite,Female,Notmarried,0,1,0,0,0,0,0,0,0,0,1,0,1,0,1.3862940073013306,100,1
2.9200000762939453,12,4,0,White,Female,Notmarried,1,0,0,1,0,0,0,0,1,0,0,1,0,0,1.0715839862823486,16,0
3.059999942779541,12,14,10,Nonwhite,Female,Notmarried,3,0,0,1,0,0,0,0,1,0,0,0,0,0,1.1184149980545044,196,100
3.200000047683716,12,15,5,White,Female,Married,1,0,0,1,0,0,0,0,0,0,1,1,0,0,1.1631510257720947,225,25
4.75,12,19,0,White,Male,Married,3,0,0,1,0,0,0,0,0,0,0,0,0,0,1.5581450462341309,361,0
3,14,17,0,White,Female,Married,4,1,0,1,0,0,0,0,0,1,0,0,1,0,1.0986119508743286,289,0
18.15999984741211,16,29,7,White,Male,Married,1,1,0,1,0,0,1,0,0,0,0,1,0,0,2.8992209434509277,841,49
3.5,12,2,0,White,Female,Notmarried,2,1,0,1,0,0,0,1,0,0,0,0,1,0,1.252763032913208,4,0
4.110000133514404,14,5,0,White,Male,Notmarried,0,0,0,1,0,0,0,0,0,0,1,1,0,0,1.41342294216156,25,0
1.9600000381469727,11,38,3,Nonwhite,Female,Notmarried,0,0,0,1,0,0,0,0,0,1,0,0,0,0,0.6729444861412048,1444,9
4.289999961853027,12,3,0,White,Female,Notmarried,0,0,0,1,0,0,0,0,1,0,0,0,0,1,1.4562870264053345,9,0
3,10,47,0,White,Male,Notmarried,0,0,0,1,0,0,0,0,0,1,0,0,0,1,1.0986119508743286,2209,0
6.449999809265137,12,7,6,White,Male,Married,0,0,0,1,0,0,0,0,1,0,0,0,0,0,1.8640799522399902,49,36
5.199999809265137,6,47,13,Nonwhite,Male,Married,0,1,0,1,0,1,0,0,0,0,0,0,0,0,1.6486589908599854,2209,169
4.5,13,23,2,Nonwhite,Female,Notmarried,0,1,0,1,0,0,0,0,1,0,0,1,0,0,1.5040769577026367,529,4
3.880000114440918,12,12,3,White,Male,Married,3,1,0,1,0,0,0,0,1,0,0,0,1,0,1.3558349609375,144,9
3.450000047683716,10,11,0,White,Female,Notmarried,2,1,0,1,0,0,0,0,1,0,0,0,0,1,1.2383739948272705,121,0
10.90999984741211,12,25,23,White,Male,Notmarried,0,1,0,1,0,0,0,1,0,0,0,0,0,0,2.3896799087524414,625,529
4.099999904632568,14,6,0,White,Female,Married,0,1,0,1,0,0,0,0,0,1,0,0,0,1,1.4109870195388794,36,0
3,13,3,1,White,Male,Notmarried,0,1,0,1,0,0,0,0,1,0,0,0,0,0,1.0986119508743286,9,1
5.900000095367432,12,14,7,Nonwhite,Male,Married,2,1,0,1,0,0,0,0,0,1,0,0,0,0,1.7749520540237427,196,49
18,18,13,0,White,Female,Notmarried,0,1,0,1,0,0,0,0,0,0,1,1,0,0,2.8903720378875732,169,0
4,12,9,0,White,Male,Notmarried,0,1,0,1,0,0,0,0,0,0,1,1,0,0,1.3862940073013306,81,0
3,12,1,0,Nonwhite,Male,Notmarried,0,1,0,1,0,0,0,0,0,1,0,0,0,0,1.0986119508743286,1,0
3.549999952316284,12,6,0,White,Female,Married,1,0,0,0,0,0,0,0,0,0,0,0,0,0,1.2669479846954346,36,0
3,12,11,1,White,Female,Married,2,0,0,0,0,0,0,0,0,1,0,0,0,1,1.0986119508743286,121,1
8.75,12,47,44,White,Male,Married,0,0,0,0,0,0,0,0,0,0,0,0,0,0,2.1690540313720703,2209,1936
2.9000000953674316,8,49,6,White,Female,Notmarried,1,0,0,0,0,0,1,0,0,0,0,0,0,0,1.0647109746932983,2401,36
6.260000228881836,13,37,17,White,Female,Married,0,1,0,0,0,0,0,0,0,0,1,1,0,0,1.8341799974441528,1369,289
3.5,13,2,0,White,Female,Notmarried,0,1,0,0,0,0,0,0,1,0,0,1,0,0,1.252763032913208,4,0
4.599999904632568,14,7,0,White,Female,Married,0,1,0,0,0,0,0,0,1,0,0,0,1,0,1.5260560512542725,49,0
6,12,22,8,White,Male,Notmarried,2,1,0,0,0,0,0,0,1,0,0,1,0,0,1.7917590141296387,484,64
2.890000104904175,10,8,0,White,Female,Notmarried,1,1,0,0,0,0,0,0,0,0,0,0,0,0,1.061257004737854,64,0
5.579999923706055,16,1,1,White,Male,Married,0,1,0,0,0,0,0,0,0,0,1,0,1,0,1.7191890478134155,1,1
4,12,43,6,White,Female,Married,0,0,0,0,0,0,0,1,0,0,0,0,0,0,1.3862940073013306,1849,36
6,16,2,2,White,Male,Notmarried,0,1,0,0,0,0,1,0,0,0,0,0,0,0,1.7917590141296387,4,4
4.5,12,2,1,White,Female,Notmarried,2,1,0,0,0,1,0,0,0,0,0,0,0,0,1.5040769577026367,4,1
2.9200000762939453,14,1,3,White,Male,Notmarried,0,1,0,0,0,0,0,0,0,0,1,0,1,0,1.0715839862823486,1,9
4.329999923706055,18,1,0,White,Male,Notmarried,0,1,0,0,0,0,0,0,1,0,0,1,0,0,1.4655669927597046,1,0
18.889999389648438,17,26,20,White,Male,Married,2,1,0,0,0,0,0,0,0,0,1,1,0,0,2.9386329650878906,676,400
4.28000020980835,13,1,1,White,Female,Notmarried,2,1,0,0,0,0,0,0,1,0,0,1,0,0,1.4539530277252197,1,1
4.570000171661377,14,37,7,White,Female,Married,0,1,0,0,0,0,0,0,0,1,0,0,0,1,1.5195130109786987,1369,49
6.25,15,12,4,White,Female,Married,2,1,0,0,0,0,0,0,0,0,1,1,0,0,1.8325819969177246,144,16
2.950000047683716,14,41,23,Nonwhite,Male,Married,0,0,1,0,0,0,0,0,0,0,1,1,0,0,1.0818049907684326,1681,529
8.75,12,24,1,White,Male,Notmarried,0,1,1,0,0,0,1,0,0,0,0,1,0,0,2.1690540313720703,576,1
8.5,8,38,26,White,Male,Notmarried,0,1,1,0,0,0,0,0,0,0,0,0,0,0,2.140065908432007,1444,676
3.75,12,18,0,White,Female,Married,4,1,1,0,0,0,0,0,0,0,1,0,1,0,1.3217560052871704,324,0
3.1500000953674316,12,26,1,White,Male,Married,0,1,1,0,0,0,0,0,1,0,0,1,0,0,1.1474030017852783,676,1
5,8,45,2,White,Male,Notmarried,0,0,1,0,0,0,1,0,0,0,0,0,0,0,1.6094379425048828,2025,4
6.460000038146973,12,27,0,White,Male,Married,3,0,1,0,0,0,0,0,0,0,0,0,0,0,1.865628957748413,729,0
2,9,2,0,White,Male,Notmarried,3,0,1,0,0,0,0,0,1,0,0,0,0,1,0.6931471824645996,4,0
4.789999961853027,12,41,8,White,Male,Married,0,1,1,0,0,0,0,0,1,0,0,1,0,0,1.5665299892425537,1681,64
5.78000020980835,16,11,4,White,Male,Married,2,1,1,0,0,0,1,0,0,0,0,1,0,0,1.7544039487838745,121,16
3.180000066757202,12,5,0,White,Female,Married,0,1,1,0,0,0,0,0,0,0,1,0,0,1,1.1568809747695923,25,0
4.679999828338623,16,3,1,White,Female,Notmarried,0,1,1,0,0,0,0,0,0,0,1,1,0,0,1.5432980060577393,9,1
4.099999904632568,12,3,2,White,Female,Notmarried,0,1,1,0,0,0,0,0,0,0,1,0,0,1,1.4109870195388794,9,4
2.9100000858306885,12,4,0,White,Male,Married,0,1,0,1,0,0,0,0,1,0,0,0,0,0,1.0681530237197876,16,0
6,13,21,13,White,Male,Married,4,0,0,1,0,0,1,0,0,0,0,0,0,0,1.7917590141296387,441,169
3.5999999046325684,10,34,26,White,Female,Married,0,0,0,1,0,0,1,0,0,0,0,0,0,0,1.2809339761734009,1156,676
3.950000047683716,6,49,6,White,Male,Married,6,0,0,1,0,0,0,0,0,0,0,0,0,0,1.3737159967422485,2401,36
7,12,6,5,Nonwhite,Male,Married,1,0,0,1,0,1,0,0,0,0,0,0,0,0,1.9459099769592285,36,25
3,12,26,9,White,Female,Married,0,0,0,1,0,0,0,0,0,1,0,0,0,1,1.0986119508743286,676,81
6.079999923706055,16,9,0,White,Male,Notmarried,0,0,0,1,0,0,0,0,0,1,0,1,0,0,1.8050049543380737,81,0
8.630000114440918,12,23,9,White,Male,Married,1,0,0,1,0,0,1,0,0,0,0,0,0,0,2.155245065689087,529,81
3,8,33,2,White,Male,Married,0,0,0,1,0,0,1,0,0,0,0,0,0,0,1.0986119508743286,1089,4
3.75,12,5,2,White,Female,Married,1,0,0,1,0,0,0,0,0,0,1,0,1,0,1.3217560052871704,25,4
2.9000000953674316,6,49,7,White,Male,Married,0,0,0,1,0,0,0,0,0,0,0,0,0,1,1.0647109746932983,2401,49
3,4,48,0,Nonwhite,Male,Married,0,0,0,1,0,0,1,0,0,0,0,0,0,0,1.0986119508743286,2304,0
6.25,11,35,31,White,Male,Married,0,1,0,1,0,0,0,0,1,0,0,0,0,0,1.8325819969177246,1225,961
3.5,11,23,2,Nonwhite,Female,Notmarried,2,0,0,1,0,0,1,0,0,0,0,0,0,0,1.252763032913208,529,4
3,7,26,1,White,Female,Notmarried,3,0,0,1,0,0,0,0,1,0,0,0,0,1,1.0986119508743286,676,1
3.240000009536743,12,16,0,White,Female,Married,2,1,0,1,0,0,0,0,1,0,0,0,1,0,1.1755729913711548,256,0
8.020000457763672,18,23,3,White,Female,Married,1,1,0,1,0,0,0,0,0,0,1,1,0,0,2.0819389820098877,529,9
3.3299999237060547,12,36,8,White,Female,Married,1,1,0,1,0,0,0,0,0,0,1,0,1,0,1.2029720544815063,1296,64
5.25,16,4,0,White,Male,Notmarried,0,1,0,1,0,0,1,0,0,0,0,1,0,0,1.6582280397415161,16,0
6.25,12,10,0,White,Male,Married,3,1,0,1,0,1,0,0,0,0,0,0,0,0,1.8325819969177246,100,0
3.5,14,18,2,White,Male,Married,1,0,1,0,0,0,0,0,1,0,0,1,0,0,1.252763032913208,324,4
2.950000047683716,12,3,1,White,Male,Notmarried,1,0,1,0,0,0,0,0,1,0,0,0,0,0,1.0818049907684326,9,1
3,10,7,0,White,Female,Married,2,0,1,0,0,0,0,0,0,0,1,0,0,1,1.0986119508743286,49,0
4.690000057220459,10,7,7,White,Male,Notmarried,0,0,1,0,0,0,0,0,0,0,0,0,0,0,1.5454330444335937,49,49
3.7300000190734863,9,33,2,White,Female,Notmarried,1,0,1,0,0,0,0,0,0,0,0,0,0,0,1.3164080381393433,1089,4
4,10,34,12,White,Male,Married,0,0,1,0,0,0,0,0,0,0,0,0,0,0,1.3862940073013306,1156,144
4,12,8,0,White,Female,Married,2,0,1,0,0,0,0,0,1,0,0,1,0,0,1.3862940073013306,64,0
2.9000000953674316,12,17,1,White,Female,Married,2,0,1,0,0,0,1,0,0,0,0,0,0,0,1.0647109746932983,289,1
3.049999952316284,12,2,0,White,Female,Notmarried,1,0,1,0,0,0,0,0,0,0,1,0,0,1,1.1151419878005981,4,0
5.050000190734863,10,5,0,White,Female,Notmarried,0,1,1,0,0,0,0,0,0,0,1,0,1,0,1.6193879842758179,25,0
13.949999809265137,16,41,16,White,Male,Married,0,1,1,0,0,0,1,0,0,0,0,1,0,0,2.635478973388672,1681,256
18.15999984741211,16,35,28,White,Male,Married,1,1,1,0,0,0,1,0,0,0,0,1,0,0,2.8992209434509277,1225,784
6.25,16,11,4,White,Male,Notmarried,0,1,1,0,0,0,0,0,0,1,0,1,0,0,1.8325819969177246,121,16
5.25,12,4,0,Nonwhite,Male,Notmarried,0,1,1,0,0,0,1,0,0,0,0,0,1,0,1.6582280397415161,16,0
4.789999961853027,12,12,3,White,Female,Married,3,1,1,0,0,0,0,0,0,0,1,1,0,0,1.5665299892425537,144,9
3.3499999046325684,7,35,0,White,Female,Notmarried,1,1,0,1,0,0,0,0,0,0,0,0,0,0,1.2089600563049316,1225,0
3,8,33,0,White,Male,Married,1,1,0,1,0,0,0,1,0,0,0,0,0,0,1.0986119508743286,1089,0
8.430000305175781,16,8,6,White,Male,Married,0,1,0,1,0,0,1,0,0,0,0,1,0,0,2.1317970752716064,64,36
5.699999809265137,16,2,0,White,Male,Notmarried,0,1,0,1,0,0,0,0,1,0,0,1,0,0,1.7404659986495972,4,0
11.979999542236328,18,8,10,White,Male,Married,2,1,0,1,0,0,0,1,0,0,0,1,0,0,2.4832379817962646,64,100
3.5,13,29,1,White,Female,Married,0,0,0,1,0,0,0,0,0,0,1,0,1,0,1.252763032913208,841,1
4.239999771118164,10,14,5,Nonwhite,Male,Married,1,0,0,1,0,0,0,0,1,0,0,0,0,0,1.4445630311965942,196,25
7,16,26,3,White,Female,Married,1,1,0,1,0,0,0,0,0,0,1,1,0,0,1.9459099769592285,676,9
6,14,11,3,White,Female,Married,2,1,0,1,0,0,0,0,0,0,1,0,1,0,1.7917590141296387,121,9
12.220000267028809,16,10,2,White,Male,Notmarried,0,1,0,1,0,0,0,0,0,0,1,1,0,0,2.5030739307403564,100,4
4.5,12,13,0,White,Male,Married,0,1,0,1,0,0,0,0,1,0,0,0,0,0,1.5040769577026367,169,0
3,9,23,20,White,Female,Married,2,0,0,1,0,0,1,0,0,0,0,0,0,0,1.0986119508743286,529,400
2.9000000953674316,11,1,2,Nonwhite,Male,Notmarried,2,0,0,1,0,0,0,0,1,0,0,0,0,1,1.0647109746932983,1,4
15,11,35,31,White,Male,Married,0,0,0,1,0,0,1,0,0,0,0,0,0,0,2.708050012588501,1225,961
4,12,5,2,White,Male,Married,0,0,0,1,0,1,0,0,0,0,0,0,0,0,1.3862940073013306,25,4
5.25,11,13,11,White,Male,Married,2,0,0,1,0,0,1,0,0,0,0,0,0,0,1.6582280397415161,169,121
4,12,22,3,White,Male,Married,3,0,0,1,0,0,1,0,0,0,0,0,0,0,1.3862940073013306,484,9
3.299999952316284,12,21,9,White,Female,Married,2,0,0,1,0,0,0,0,1,0,0,1,0,0,1.1939220428466797,441,81
5.050000190734863,12,19,0,White,Female,Married,3,0,0,1,0,0,0,0,0,0,1,0,1,0,1.6193879842758179,361,0
3.5799999237060547,12,13,0,White,Male,Notmarried,0,1,0,1,0,0,0,0,0,1,0,0,0,0,1.2753629684448242,169,0
5,14,15,5,White,Male,Married,2,0,0,1,0,0,0,0,1,0,0,1,0,0,1.6094379425048828,225,25
4.570000171661377,14,3,0,White,Male,Married,0,0,0,1,0,0,0,0,0,0,1,1,0,0,1.5195130109786987,9,0
12.5,18,6,2,White,Male,Notmarried,0,1,0,1,0,0,0,0,0,1,0,0,1,0,2.525728940963745,36,4
3.450000047683716,12,6,5,White,Female,Married,0,1,0,1,0,0,0,0,1,0,0,0,1,0,1.2383739948272705,36,25
4.630000114440918,12,16,1,White,Female,Notmarried,0,1,0,1,0,0,0,0,0,0,1,0,1,0,1.5325570106506348,256,1
10,12,31,2,White,Male,Married,0,1,0,1,0,0,0,0,1,0,0,1,0,0,2.3025848865509033,961,4
2.9200000762939453,11,1,0,White,Female,Notmarried,1,0,1,0,0,0,0,0,1,0,0,0,0,1,1.0715839862823486,1,0
4.510000228881836,12,5,2,White,Male,Notmarried,0,1,1,0,0,0,0,0,1,0,0,0,0,0,1.506296992301941,25,4
6.5,17,3,0,White,Male,Married,0,1,1,0,0,0,0,0,0,0,1,1,0,0,1.8718019723892212,9,0
7.5,16,11,0,White,Male,Married,0,1,1,0,0,0,0,0,0,1,0,1,0,0,2.0149030685424805,121,0
3.5399999618530273,13,6,7,White,Female,Married,0,0,1,0,0,0,0,0,0,0,1,0,1,0,1.2641270160675049,36,49
4.199999809265137,13,11,3,White,Female,Married,2,1,1,0,0,0,0,0,1,0,0,0,1,0,1.4350839853286743,121,9
3.509999990463257,12,7,2,White,Female,Married,0,1,1,0,0,0,0,0,1,0,0,0,1,0,1.2556159496307373,49,4
4.5,14,5,0,White,Male,Married,0,1,1,0,0,1,0,0,0,0,0,1,0,0,1.5040769577026367,25,0
3.3499999046325684,14,5,4,White,Female,Married,0,1,1,0,0,0,0,0,1,0,0,1,0,0,1.2089600563049316,25,16
2.9100000858306885,11,2,2,White,Male,Notmarried,2,1,1,0,0,0,0,0,1,0,0,0,0,1,1.0681530237197876,4,4
5.25,10,44,7,White,Male,Married,1,1,1,0,0,0,0,0,0,0,0,0,0,0,1.6582280397415161,1936,49
4.050000190734863,8,44,25,White,Male,Married,0,1,1,0,0,0,1,0,0,0,0,0,0,1,1.3987170457839966,1936,625
3.75,14,13,0,White,Female,Married,3,1,1,0,0,0,0,0,1,0,0,0,1,0,1.3217560052871704,169,0
3.4000000953674316,12,26,15,White,Female,Married,1,1,1,0,0,1,0,0,0,0,0,0,1,0,1.2237759828567505,676,225
3,10,2,1,White,Female,Notmarried,1,1,0,1,0,0,0,0,1,0,0,0,1,0,1.0986119508743286,4,1
6.289999961853027,17,10,3,White,Male,Married,1,1,0,1,0,0,0,0,0,1,0,1,0,0,1.8389610052108765,100,9
2.5399999618530273,9,2,0,White,Female,Notmarried,1,1,0,1,0,0,0,0,1,0,0,0,0,1,0.9321640729904175,4,0
4.5,12,35,0,White,Female,Married,1,1,0,1,0,0,0,0,1,0,0,0,1,0,1.5040769577026367,1225,0
3.130000114440918,12,6,5,White,Female,Married,1,1,0,1,0,0,0,0,0,0,1,0,1,0,1.1410330533981323,36,25
6.360000133514404,14,8,1,White,Male,Married,0,1,0,1,0,0,0,0,1,0,0,1,0,0,1.8500280380249023,64,1
4.679999828338623,16,1,0,White,Male,Notmarried,0,1,0,1,0,0,1,0,0,0,0,1,0,0,1.5432980060577393,1,0
6.800000190734863,12,14,10,White,Male,Married,2,0,0,1,0,0,1,0,0,0,0,0,0,0,1.9169230461120605,196,100
8.529999732971191,10,14,6,White,Male,Married,0,0,0,1,0,0,0,0,0,0,0,0,0,0,2.1435890197753906,196,36
4.170000076293945,0,22,10,White,Female,Notmarried,0,0,0,1,0,0,0,0,0,1,0,0,0,0,1.4279160499572754,484,100
3.75,14,8,4,White,Female,Married,0,0,0,1,0,0,0,1,0,0,0,1,0,0,1.3217560052871704,64,16
11.100000381469727,15,1,4,White,Female,Notmarried,2,0,0,1,0,0,0,0,0,0,1,0,1,0,2.406944990158081,1,16
3.259999990463257,16,15,5,Nonwhite,Female,Married,2,1,0,1,0,0,0,0,1,0,0,1,0,0,1.1817270517349243,225,25
9.130000114440918,12,14,12,White,Male,Married,3,1,0,1,0,0,1,0,0,0,0,1,0,0,2.2115659713745117,196,144
4.5,11,37,10,White,Male,Married,2,1,0,1,0,0,1,0,0,0,0,0,0,0,1.5040769577026367,1369,100
3,11,1,1,White,Female,Notmarried,1,1,0,1,0,0,0,0,0,0,1,0,0,1,1.0986119508743286,1,1
8.75,12,4,4,White,Male,Married,0,1,0,1,0,0,0,0,0,0,1,0,1,0,2.1690540313720703,16,16
4.139999866485596,13,29,0,White,Female,Married,0,1,0,1,0,0,0,0,1,0,0,0,1,0,1.4206960201263428,841,0
2.869999885559082,12,45,8,White,Female,Married,0,0,1,0,0,0,0,0,1,0,0,1,0,0,1.054311990737915,2025,64
3.3499999046325684,13,22,0,White,Female,Notmarried,2,0,1,0,0,0,0,0,1,0,0,0,1,0,1.2089600563049316,484,0
6.079999923706055,16,42,10,White,Male,Notmarried,0,0,1,0,0,0,0,0,1,0,0,1,0,0,1.8050049543380737,1764,100
3,15,9,0,Nonwhite,Male,Notmarried,0,0,1,0,0,0,0,0,0,1,0,0,0,0,1.0986119508743286,81,0
4.199999809265137,16,8,0,White,Female,Married,1,1,1,0,0,0,0,0,0,0,1,0,1,0,1.4350839853286743,64,0
5.599999904632568,15,31,15,White,Female,Notmarried,2,1,1,0,0,0,0,0,0,0,1,0,0,1,1.7227669954299927,961,225
10,12,24,24,White,Male,Married,0,1,1,0,0,0,1,0,0,0,0,0,0,0,2.3025848865509033,576,576
12.5,18,16,5,White,Male,Married,1,1,1,0,0,0,0,0,0,0,1,1,0,0,2.525728940963745,256,25
3.759999990463257,6,6,0,White,Male,Notmarried,4,0,0,1,0,0,0,0,0,0,0,0,0,0,1.3244190216064453,36,0
3.0999999046325684,6,14,0,Nonwhite,Female,Notmarried,5,1,0,1,0,0,0,0,1,0,0,0,1,0,1.1314020156860352,196,0
4.289999961853027,12,47,25,White,Female,Married,2,1,0,1,0,0,1,0,0,0,0,0,1,0,1.4562870264053345,2209,625
10.920000076293945,12,34,5,White,Male,Married,0,0,0,1,0,0,0,0,0,0,1,1,0,0,2.3905959129333496,1156,25
7.5,16,6,2,White,Female,Married,1,1,0,1,0,0,0,0,0,0,1,1,0,0,2.0149030685424805,36,4
4.050000190734863,9,7,4,White,Female,Married,1,1,0,1,0,0,0,0,0,0,0,0,0,0,1.3987170457839966,49,16
4.650000095367432,12,27,2,White,Male,Married,3,1,0,1,0,0,0,0,0,0,0,0,0,1,1.5368670225143433,729,4
5,11,24,5,White,Male,Married,0,1,0,1,0,0,0,0,1,0,0,0,0,0,1.6094379425048828,576,25
2.9000000953674316,10,18,0,White,Female,Married,2,0,0,1,0,0,0,0,1,0,0,0,1,0,1.0647109746932983,324,0
8,12,12,3,Nonwhite,Female,Notmarried,1,0,0,1,0,0,0,0,0,0,0,0,0,0,2.079442024230957,144,9
8.430000305175781,8,27,3,White,Male,Married,3,1,0,1,0,0,1,0,0,0,0,0,0,0,2.1317970752716064,729,9
2.9200000762939453,9,49,0,White,Female,Notmarried,0,1,0,1,0,0,0,0,0,1,0,0,0,0,1.0715839862823486,2401,0
6.25,17,4,0,White,Female,Notmarried,0,1,0,0,1,0,0,0,1,0,0,1,0,0,1.8325819969177246,16,0
6.25,16,24,2,White,Female,Married,2,1,0,0,1,0,0,0,0,0,1,1,0,0,1.8325819969177246,576,4
5.110000133514404,11,3,0,White,Male,Notmarried,0,1,0,0,1,1,0,0,0,0,0,0,0,0,1.6311990022659302,9,0
4,10,2,0,White,Female,Notmarried,1,1,0,0,1,0,0,0,0,1,0,0,0,0,1.3862940073013306,4,0
4.440000057220459,8,29,11,White,Male,Married,3,0,0,1,0,0,0,0,1,0,0,1,0,0,1.4906539916992187,841,121
6.880000114440918,13,34,21,White,Male,Married,0,0,0,1,0,0,0,0,0,1,0,1,0,0,1.9286190271377563,1156,441
5.429999828338623,14,10,3,Nonwhite,Male,Married,1,1,0,1,0,0,0,0,1,0,0,1,0,0,1.6919389963150024,100,9
3,13,5,0,White,Female,Notmarried,1,1,0,1,0,0,0,0,0,0,1,0,0,1,1.0986119508743286,25,0
2.9000000953674316,11,2,0,White,Female,Notmarried,2,1,0,1,0,0,0,0,1,0,0,1,0,0,1.0647109746932983,4,0
6.25,7,39,21,Nonwhite,Male,Married,0,1,0,1,0,0,0,0,1,0,0,0,0,0,1.8325819969177246,1521,441
4.340000152587891,16,5,2,Nonwhite,Female,Notmarried,0,1,0,1,0,0,0,0,0,0,1,0,1,0,1.4678740501403809,25,4
3.25,12,14,2,White,Female,Married,2,0,0,1,0,0,0,1,0,0,0,0,1,0,1.1786550283432007,196,4
7.260000228881836,13,8,2,White,Male,Notmarried,0,1,0,1,0,0,0,0,1,0,0,1,0,0,1.9823800325393677,64,4
6.349999904632568,14,10,1,White,Female,Married,2,1,0,1,0,0,0,0,0,0,0,0,0,0,1.8484549522399902,100,1
5.630000114440918,16,2,2,White,Male,Married,0,1,0,0,0,0,0,0,1,0,0,0,0,1,1.7281090021133423,4,4
8.75,14,9,3,White,Male,Married,1,1,0,0,0,0,1,0,0,0,0,1,0,0,2.1690540313720703,81,9
3.200000047683716,11,1,0,White,Male,Notmarried,0,0,0,0,0,0,0,0,1,0,0,0,0,1,1.1631510257720947,1,0
3,8,45,1,White,Female,Married,0,0,0,0,0,0,0,0,0,0,0,0,0,0,1.0986119508743286,2025,1
3,14,33,3,White,Female,Married,0,1,0,0,0,0,0,0,0,0,1,0,0,1,1.0986119508743286,1089,9
12.5,17,21,18,White,Male,Married,3,1,0,0,0,0,0,0,0,0,0,1,0,0,2.525728940963745,441,324
2.880000114440918,10,2,0,White,Female,Notmarried,3,1,0,0,0,0,0,0,1,0,0,0,1,0,1.0577900409698486,4,0
3.3499999046325684,12,9,1,White,Male,Married,0,1,1,0,0,0,0,0,1,0,0,0,0,0,1.2089600563049316,81,1
6.5,12,33,2,White,Male,Married,0,0,1,0,0,0,0,0,0,0,0,0,0,0,1.8718019723892212,1089,4
10.380000114440918,18,16,2,Nonwhite,Male,Married,1,1,1,0,0,0,0,0,0,0,1,1,0,0,2.33988094329834,256,4
4.5,14,10,0,White,Male,Married,0,1,1,0,0,0,0,0,0,0,1,0,0,0,1.5040769577026367,100,0
10,18,9,8,White,Male,Notmarried,0,0,1,0,0,0,0,1,0,0,0,1,0,0,2.3025848865509033,81,64
3.809999942779541,12,8,1,White,Female,Married,2,0,1,0,0,0,0,0,0,1,0,0,0,1,1.337628960609436,64,1
8.800000190734863,16,9,1,White,Male,Married,0,0,0,1,0,0,0,0,0,0,1,1,0,0,2.1747519969940186,81,1
9.420000076293945,14,23,0,White,Female,Married,2,0,0,1,0,0,0,0,0,1,0,0,0,0,2.24283504486084,529,0
6.329999923706055,12,23,8,White,Male,Married,2,0,0,1,0,0,0,0,0,0,0,1,0,0,1.8452999591827393,529,64
4,9,22,18,Nonwhite,Male,Notmarried,0,0,0,1,0,0,0,0,0,0,0,0,0,0,1.3862940073013306,484,324
2.9000000953674316,12,37,0,White,Female,Married,0,0,0,1,0,0,0,0,1,0,0,1,0,0,1.0647109746932983,1369,0
20,12,22,4,White,Male,Married,1,0,0,1,0,0,0,0,1,0,0,1,0,0,2.995732069015503,484,16
11.25,17,28,25,White,Male,Married,1,1,0,1,0,0,1,0,0,0,0,0,0,0,2.420367956161499,784,625
3.5,12,14,0,Nonwhite,Female,Notmarried,2,1,0,1,0,1,0,0,0,0,0,0,0,0,1.252763032913208,196,0
6,15,19,4,White,Female,Married,2,1,0,1,0,0,0,0,0,0,1,0,0,1,1.7917590141296387,361,16
14.380000114440918,17,10,9,Nonwhite,Male,Married,1,0,0,1,0,0,1,0,0,0,0,1,0,0,2.6658380031585693,100,81
6.360000133514404,16,25,0,White,Male,Married,1,1,0,1,0,0,1,0,0,0,0,1,0,0,1.8500280380249023,625,0
3.549999952316284,12,21,0,White,Female,Married,1,0,0,1,0,0,1,0,0,0,0,0,0,0,1.2669479846954346,441,0
3,15,32,0,White,Male,Married,0,1,0,1,0,0,0,0,0,1,0,0,0,1,1.0986119508743286,1024,0
4.5,16,21,10,White,Male,Married,1,1,0,1,0,0,0,0,1,0,0,1,0,0,1.5040769577026367,441,100
6.630000114440918,12,36,0,White,Female,Notmarried,0,1,0,1,0,0,0,0,1,0,0,0,1,0,1.891605019569397,1296,0
9.300000190734863,15,2,2,White,Male,Married,0,1,0,1,0,0,0,0,1,0,0,0,0,0,2.2300140857696533,4,4
3,12,11,0,White,Female,Married,2,1,0,1,0,0,0,0,1,0,0,1,0,0,1.0986119508743286,121,0
3.25,12,40,2,White,Female,Notmarried,0,0,1,0,0,0,0,0,1,0,0,0,0,1,1.1786550283432007,1600,4
1.5,12,11,1,White,Female,Married,2,0,1,0,0,0,0,0,0,0,1,0,0,1,0.40546509623527527,121,1
5.900000095367432,12,9,7,White,Female,Married,1,1,1,0,0,0,0,0,0,0,0,0,0,0,1.7749520540237427,81,49
8,16,23,4,White,Male,Notmarried,0,1,1,0,0,0,0,0,1,0,0,1,0,0,2.079442024230957,529,16
2.9000000953674316,11,1,0,White,Female,Notmarried,1,1,1,0,0,0,0,0,1,0,0,1,0,0,1.0647109746932983,1,0
3.2899999618530273,14,30,13,White,Male,Notmarried,0,1,1,0,0,0,0,0,1,0,0,1,0,0,1.1908880472183228,900,169
6.5,14,41,33,White,Male,Married,0,1,1,0,0,0,0,0,1,0,0,1,0,0,1.8718019723892212,1681,1089
4,13,6,0,White,Female,Notmarried,1,1,1,0,0,1,0,0,0,0,0,0,1,0,1.3862940073013306,36,0
6,14,11,0,White,Male,Married,0,0,1,0,0,0,0,0,1,0,0,0,0,0,1.7917590141296387,121,0
4.079999923706055,12,43,17,White,Female,Married,0,1,1,0,0,0,0,0,0,0,1,0,1,0,1.4060970544815063,1849,289
3.75,12,39,2,White,Female,Married,0,1,1,0,0,0,0,0,0,1,0,1,0,0,1.3217560052871704,1521,4
3.049999952316284,8,50,24,White,Female,Notmarried,0,0,0,1,0,0,1,0,0,0,0,0,0,0,1.1151419878005981,2500,576
3.5,12,26,20,White,Female,Married,0,0,0,1,0,0,1,0,0,0,0,0,0,0,1.252763032913208,676,400
2.9200000762939453,3,51,30,Nonwhite,Male,Notmarried,0,1,0,1,0,0,0,0,0,1,0,0,0,1,1.0715839862823486,2601,900
4.5,11,3,9,White,Male,Notmarried,0,1,0,1,0,1,0,0,0,0,0,0,0,0,1.5040769577026367,9,81
3.3499999046325684,15,3,1,White,Female,Married,2,1,0,1,0,0,0,0,0,1,0,0,1,0,1.2089600563049316,9,1
5.949999809265137,11,15,9,Nonwhite,Male,Married,1,0,0,1,0,1,0,0,0,0,0,0,0,0,1.783390998840332,225,81
8,12,17,6,White,Male,Married,2,0,0,1,0,0,0,0,1,0,0,1,0,0,2.079442024230957,289,36
3,4,36,0,White,Male,Married,1,0,0,1,0,1,0,0,0,0,0,0,0,0,1.0986119508743286,1296,0
5,9,31,9,Nonwhite,Male,Married,6,0,0,1,0,0,0,0,0,0,0,0,0,0,1.6094379425048828,961,81
5.5,12,9,4,White,Male,Married,1,0,0,1,0,0,0,0,1,0,0,0,0,0,1.7047480344772339,81,16
2.6500000953674316,12,42,10,White,Female,Married,0,1,0,0,1,0,0,0,0,1,0,0,1,0,0.9745597243309021,1764,100
3,11,3,0,White,Female,Notmarried,2,1,0,0,1,0,0,0,1,0,0,0,0,0,1.0986119508743286,9,0
4.5,12,37,14,White,Female,Married,0,0,0,0,1,0,0,0,0,0,1,0,1,0,1.5040769577026367,1369,196
17.5,16,23,22,White,Male,Married,3,1,0,0,1,0,0,0,1,0,0,1,0,0,2.862200975418091,529,484
8.180000305175781,13,21,5,White,Male,Notmarried,0,1,0,0,1,0,0,0,1,0,0,1,0,0,2.101691961288452,441,25
9.09000015258789,15,11,12,White,Male,Married,1,1,0,0,1,0,0,1,0,0,0,1,0,0,2.2071750164031982,121,144
11.819999694824219,16,35,13,White,Male,Married,0,1,0,0,1,0,0,1,0,0,0,1,0,0,2.4697930812835693,1225,169
3.25,12,42,0,White,Female,Married,0,1,0,0,1,0,0,0,1,0,0,1,0,0,1.1786550283432007,1764,0
4.5,12,3,0,White,Male,Notmarried,0,1,0,0,1,0,0,0,0,0,0,0,0,0,1.5040769577026367,9,0
4.5,12,13,0,White,Male,Married,0,1,0,0,1,0,0,0,0,0,0,0,0,0,1.5040769577026367,169,0
3.7100000381469727,9,14,7,White,Male,Married,2,0,0,1,0,0,1,0,0,0,0,0,0,0,1.3110320568084717,196,49
6.5,10,14,11,White,Male,Married,3,0,0,1,0,0,0,0,1,0,0,0,0,0,1.8718019723892212,196,121
2.9000000953674316,12,39,1,White,Female,Married,0,0,0,1,0,0,0,0,0,0,1,0,0,1,1.0647109746932983,1521,1
5.599999904632568,11,11,8,White,Male,Married,2,0,0,1,0,0,0,0,0,0,0,0,1,0,1.7227669954299927,121,64
2.2300000190734863,8,28,3,White,Male,Married,4,0,0,1,0,0,0,0,0,0,1,1,0,0,0.8020015954971313,784,9
5,6,18,0,White,Female,Married,3,1,0,0,1,0,0,0,1,0,0,0,0,1,1.6094379425048828,324,0
8.329999923706055,16,6,2,White,Male,Married,0,1,0,0,1,0,0,1,0,0,0,0,1,0,2.119863986968994,36,4
2.9000000953674316,12,26,1,White,Female,Notmarried,4,1,0,1,0,0,0,0,1,0,0,0,1,0,1.0647109746932983,676,1
6.25,12,21,6,White,Male,Married,3,1,0,1,0,0,0,0,1,0,0,1,0,0,1.8325819969177246,441,36
4.550000190734863,16,34,2,White,Male,Married,0,0,0,1,0,0,0,0,0,0,1,1,0,0,1.5151269435882568,1156,4
3.2799999713897705,12,17,2,White,Female,Notmarried,0,0,0,1,0,0,0,0,0,0,1,0,0,1,1.1878429651260376,289,4
2.299999952316284,10,2,0,White,Female,Notmarried,4,1,1,0,0,0,0,0,1,0,0,0,0,1,0.832909107208252,4,0
3.299999952316284,13,5,0,White,Female,Notmarried,0,1,1,0,0,0,0,0,0,0,1,1,0,0,1.1939220428466797,25,0
3.1500000953674316,13,1,0,White,Female,Notmarried,4,1,1,0,0,0,0,1,0,0,0,0,1,0,1.1474030017852783,1,0
12.5,14,40,30,White,Male,Married,0,1,1,0,0,0,0,0,0,0,0,1,0,0,2.525728940963745,1600,900
5.150000095367432,16,39,21,White,Female,Notmarried,0,1,0,0,1,0,0,0,0,0,1,0,1,0,1.638996958732605,1521,441
3.130000114440918,10,1,1,White,Male,Notmarried,2,1,0,0,1,0,0,0,1,0,0,0,0,1,1.1410330533981323,1,1
7.25,12,14,5,White,Male,Married,3,1,0,0,1,0,0,1,0,0,0,0,0,0,1.9810010194778442,196,25
2.9000000953674316,12,2,2,White,Female,Notmarried,0,1,0,0,1,0,0,0,0,0,1,0,1,0,1.0647109746932983,4,4
1.75,11,2,1,White,Male,Notmarried,2,1,0,0,1,0,0,0,1,0,0,0,0,1,0.5596157908439636,4,1
2.890000104904175,0,42,0,White,Female,Married,2,0,0,0,1,0,0,0,0,1,0,0,0,0,1.061257004737854,1764,0
2.9000000953674316,5,34,0,White,Female,Married,5,0,0,0,1,0,1,0,0,0,0,0,0,0,1.0647109746932983,1156,0
17.709999084472656,16,10,3,White,Male,Married,1,1,0,0,1,1,0,0,0,0,0,1,0,0,2.874129056930542,100,9
6.25,16,4,3,White,Male,Married,0,0,0,0,1,0,0,1,0,0,0,0,0,1,1.8325819969177246,16,9
2.5999999046325684,9,4,0,White,Male,Notmarried,1,0,0,0,1,0,0,0,1,0,0,0,0,0,0.9555113911628723,16,0
6.630000114440918,15,21,3,White,Female,Married,2,0,0,0,1,0,0,0,0,0,1,1,0,0,1.891605019569397,441,9
3.5,12,31,3,Nonwhite,Female,Notmarried,1,1,0,0,1,0,0,0,0,1,0,0,0,0,1.252763032913208,961,9
6.5,12,20,14,White,Male,Married,3,1,0,0,1,0,0,0,1,0,0,0,0,0,1.8718019723892212,400,196
3,12,36,1,Nonwhite,Female,Notmarried,0,1,0,0,1,0,0,0,0,1,0,0,0,0,1.0986119508743286,1296,1
4.380000114440918,13,7,0,Nonwhite,Male,Married,1,1,0,0,1,0,1,0,0,0,0,0,0,0,1.4770489931106567,49,0
10,12,15,0,White,Male,Notmarried,1,0,0,0,0,0,0,0,0,1,0,1,0,0,2.3025848865509033,225,0
4.949999809265137,7,25,17,White,Male,Married,5,0,0,0,0,1,0,0,0,0,0,0,0,0,1.5993880033493042,625,289
9,17,7,0,White,Female,Married,2,0,0,0,0,0,0,0,0,0,1,1,0,0,2.1972250938415527,49,0
1.4299999475479126,12,17,0,White,Female,Married,2,0,0,0,0,0,0,0,1,0,0,0,0,0,0.35767439007759094,289,0
3.0799999237060547,12,3,1,White,Male,Notmarried,0,0,0,0,0,0,0,0,0,0,1,1,0,0,1.1249300241470337,9,1
9.329999923706055,14,12,11,White,Male,Married,3,0,0,0,0,0,0,0,0,0,1,1,0,0,2.2332348823547363,144,121
7.5,12,18,5,White,Male,Married,2,0,0,0,1,0,0,0,1,0,0,0,0,0,2.0149030685424805,324,25
4.75,13,47,1,White,Male,Married,0,0,0,0,1,0,0,0,1,0,0,0,0,0,1.5581450462341309,2209,1
5.650000095367432,12,2,0,White,Male,Notmarried,0,0,0,0,1,1,0,0,0,0,0,0,0,0,1.7316559553146362,4,0
15,16,14,2,White,Female,Married,2,0,0,0,1,0,0,0,0,0,1,1,0,0,2.708050012588501,196,4
2.2699999809265137,10,2,0,White,Female,Notmarried,3,0,0,0,1,0,0,0,1,0,0,1,0,0,0.8197798132896423,4,0
4.670000076293945,15,13,18,White,Male,Married,3,0,0,0,1,1,0,0,0,0,0,1,0,0,1.5411590337753296,169,324
11.5600004196167,16,5,1,White,Male,Married,0,0,0,0,1,0,1,0,0,0,0,0,0,0,2.4475510120391846,25,1
3.5,14,5,4,Nonwhite,Female,Notmarried,2,0,0,0,1,0,0,0,0,0,1,0,1,0,1.252763032913208,25,16
